Date,Instagram_Minutes,YouTube_Minutes,WhatsApp_Minutes,LinkedIn_Minutes,Reels_Watched,Videos_Watched,Messages_Sent,Posts_Liked,Study_Minutes,Total_Screen_Time,Screen_Hours,Digital_Balance,Day_Type
2026-08-23,130,164,19,3,168,63,54,100,145,316,5.266666666666667,0.4588607594936709,Heavy
2026-08-24,118,103,52,48,130,41,108,77,144,321,5.35,0.4485981308411215,Heavy
2026-08-25,146,31,29,39,181,5,47,36,298,245,4.083333333333333,1.2163265306122448,Normal
2026-08-26,170,99,97,3,183,43,184,69,52,369,6.15,0.14092140921409213,Heavy
2026-08-27,173,130,68,41,142,34,236,69,128,412,6.866666666666666,0.3106796116504854,Heavy
2026-08-28,74,128,162,31,59,40,342,39,192,395,6.583333333333333,0.4860759493670886,Heavy
2026-08-29,171,154,126,28,178,53,411,96,142,479,7.983333333333333,0.2964509394572025,Heavy
2026-08-30,79,67,177,20,93,23,331,40,34,343,5.716666666666667,0.09912536443148688,Heavy
2026-08-31,60,102,156,19,81,39,455,28,239,337,5.616666666666666,0.7091988130563798,Heavy
2026-09-01,69,174,98,42,93,56,293,64,156,383,6.383333333333334,0.4073107049608355,Heavy
2026-09-02,142,56,134,7,181,9,427,58,178,339,5.65,0.5250737463126843,Heavy
2026-09-03,71,80,165,15,63,30,336,43,123,331,5.516666666666667,0.3716012084592145,Heavy
2026-09-04,39,27,95,70,50,4,330,29,211,231,3.85,0.9134199134199135,Normal
2026-09-05,93,235,154,12,70,80,483,46,48,494,8.233333333333333,0.09716599190283401,Heavy
2026-09-06,72,93,180,24,83,20,541,17,26,369,6.15,0.07046070460704607,Heavy
2026-09-07,111,194,133,55,149,55,395,38,278,493,8.216666666666667,0.563894523326572,Heavy
2026-09-08,152,161,159,55,92,43,499,59,184,527,8.783333333333333,0.349146110056926,Heavy
2026-09-09,166,150,70,58,121,48,242,51,288,444,7.4,0.6486486486486487,Heavy
2026-09-10,173,111,24,53,135,23,83,38,183,361,6.016666666666667,0.5069252077562327,Heavy
2026-09-11,85,81,114,9,90,20,177,47,303,289,4.816666666666666,1.0484429065743945,Normal
2026-09-12,71,123,37,11,56,42,74,18,114,242,4.033333333333333,0.47107438016528924,Normal
2026-09-13,202,111,29,4,189,44,55,85,166,346,5.766666666666667,0.4797687861271676,Heavy
2026-09-14,52,162,163,1,55,71,287,35,243,378,6.3,0.6428571428571429,Heavy
2026-09-15,105,73,99,39,81,30,340,18,285,316,5.266666666666667,0.9018987341772152,Heavy
2026-09-16,24,194,23,73,26,39,57,17,263,314,5.233333333333333,0.8375796178343949,Heavy
2026-09-17,92,58,32,10,120,25,93,39,61,192,3.2,0.3177083333333333,Normal
2026-09-18,180,122,93,68,243,44,233,128,282,463,7.716666666666667,0.6090712742980562,Heavy
2026-09-19,237,203,111,27,166,43,353,38,119,578,9.633333333333333,0.20588235294117646,Heavy
2026-09-20,104,289,29,24,77,120,80,32,18,446,7.433333333333334,0.04035874439461883,Heavy
2026-09-21,162,34,173,74,190,5,511,95,305,443,7.383333333333334,0.6884875846501128,Heavy
